"treat1","emmean","SE","df","lower.CL","upper.CL",".group","tabval"
"TH",0.214787499999998,0.0284916264948781,5.99228358652848,0.114861816301312,0.314713183698684,"  b","21.5 b"
"TS1",0.192637499999998,0.0284916264948781,5.99228358652847,0.0927118163013124,0.292563183698684,"  b","19.3 b"
"TS2",0.208412287639947,0.0300760447408213,7.35532261950618,0.110037806163662,0.306786769116233,"  b","20.8 b"
"TS3",0.127332287639947,0.0300760447408213,7.35532261950618,0.0289578061636619,0.225706769116233," a ","12.7 a"
